situation,0,1,2,3,4,5,6,7,8,9,10,11,12,13,14,15,16,17,18,19,20,21,22,23
car,1163,649,455,265,253,401,708,1532,2390,3397,5039,6150,5923,5429,5751,5992,6002,7108,8811,8985,6418,3834,2697,1876
club,1614,1102,763,603,496,285,440,909,1282,1788,2305,2907,2917,2474,2474,2698,2836,3050,3420,3427,2743,2377,2264,1929
dance,1932,1310,778,512,365,480,993,1945,2887,3582,4250,4790,4402,3875,4165,4374,4636,5140,5555,5441,4745,3732,3244,2570
gym,741,484,345,197,166,466,1361,2383,2893,4195,5117,5502,5135,4198,3855,4585,4681,5981,7413,7297,5356,3359,1714,973
morning,1145,663,461,295,264,279,870,1751,2878,3548,4292,3867,3662,3284,2849,2776,2682,2963,3093,2841,2534,2717,2165,1718
night,5938,6166,5880,5251,4569,3765,3344,3243,3038,2705,2583,2633,2620,2267,2520,2643,2749,2626,3032,3253,3073,3105,3738,4996
party,2995,1869,1212,830,553,462,562,1113,2209,2836,4017,4895,4724,4938,5055,5263,5547,5548,6026,5921,5884,5108,4628,3978
relax,1849,1137,802,591,537,535,641,1127,2067,3272,5000,5968,6211,6028,6400,6222,6234,5876,5674,5796,5913,5407,4240,2871
running,702,420,293,322,276,329,862,2803,5843,8030,9475,8026,5414,3631,3196,3424,4024,5451,7113,7287,4828,2291,1508,1026
sleep,6756,7124,6923,6403,6271,5750,4784,3898,3003,2349,2109,1603,1308,1421,1632,1654,1357,1330,1287,1254,1863,2705,4173,5759
train,445,332,325,348,328,305,471,871,1123,1319,1191,1222,1109,1005,1165,1224,1476,1598,1772,1386,947,751,655,530
work,1068,766,489,375,382,422,937,2098,3698,5362,7146,7483,5693,5384,6782,7474,7316,6408,5267,3999,3089,2380,1787,1355
